001	CONSUMER_VALUE_PROPOSITION	수면 매트리스	잠을 8시간 자도 찌푸둥한 이유는 수면 시간이 부족해서가 아니라, 뒤척일 때마다 척추 정렬이 무너지며 깊은 렘수면 진입을 방해받기 때문입니다. 흔들림을 흡수하는 독립 스프링이 뒤척임의 진동을 차단해 깨지 않는 숙면을 만듭니다.
002	CONSUMER_VALUE_PROPOSITION	금융 관리 앱	돈이 모이지 않는 원인은 의지 부족이 아닙니다. 결제 직후 잔고 변화를 체감하지 못하는 무감각이 과소비를 부릅니다. 긁는 순간 남은 생활비 한도가 시각화되는 즉시 체감 소비 통제를 경험해 보세요.
003	CONSUMER_VALUE_PROPOSITION	스킨케어	트러블이 올라올 때 유분을 과도하게 씻어내면, 피부 장벽이 무너지며 수분 증발을 막기 위해 더 많은 피지를 뿜어내는 악순환이 시작됩니다. 씻어내는 것이 아니라 약산성 수분막으로 유수분 밸런스를 잠가야 트러블이 멈춥니다.
004	CONSUMER_VALUE_PROPOSITION	B2B SaaS 마케팅	유입 트래픽을 늘리는 광고비를 두 배로 태워도 매출이 제자리라면, 문제는 모객이 아니라 결제 단계의 복잡한 인증 절차에서 발생하는 60%의 이탈률입니다. 이탈 경로의 한 단계만 단축해도 광고비 증액 없이 전환율이 급증합니다.
005	CONSUMER_VALUE_PROPOSITION	에너지 바/식품	오후 3시의 극심한 피로는 체력 고갈이 아니라 정제 탄수화물이 유발한 급격한 혈당 쇼크의 결과입니다. 설탕 범벅 간식 대신 천천히 분해되는 복합 탄수화물과 견과류 지방으로 뇌에 일정한 에너지를 공급하세요.
006	CONSUMER_VALUE_PROPOSITION	러닝화	쿠션이 지나치게 푹신한 신발은 지면 충격을 완화하는 대신 발목의 고유 수용 감각을 둔화시켜 무릎 관절로 전단력을 전달합니다. 탄탄한 반발력의 미드솔이 착지 안정성을 확보해 장거리 부상을 원천 차단합니다.
007	SYSTEM_DIAGNOSTIC_REPORT	성과 보상 분석	단기 분기 영업이익률을 핵심 성과 지표로 설정함에 따라 각 사업부가 장기 R&D 예산을 축소하고 마케팅 판촉비를 삭감하는 방어적 최적화를 단행하였으며, 이는 차년도 신제품 파이프라인 고갈 및 시장 점유율 4.2% 하락이라는 구조적 부작용으로 귀결됨.
008	SYSTEM_DIAGNOSTIC_REPORT	물류 공급망 진단	물류 허브 터미널의 분류 자동화율을 95%까지 끌어올렸으나, 진입 램프 구간의 하차 도크 수용 한계가 전체 프로세스의 처리량을 제약하는 단일 병목점으로 작용하여 총 리드타임 감축 효과는 미미한 상태임.
009	SYSTEM_DIAGNOSTIC_REPORT	구독 경제 이탈 분석	신규 가입자 유치를 위한 첫 달 100원 프로모션은 표면적 유입 지표를 왜곡시켰으며, 가격 민감도가 극도로 높은 체리피커 유입 비중을 높여 2개월 차 정가 전환율이 8.3%에 머무르고 고객 획득 비용 회수 기간을 14개월로 늘어뜨리는 재무적 부담을 초래함.
010	SYSTEM_DIAGNOSTIC_REPORT	조직 개편 사후 평가	의사결정 속도 단축을 위해 중간 관리자 직급을 폐지하고 완전 수평적 조직을 구축했으나, 업무 간 이해관계 충돌 시 이를 조율할 공식적 권한 주체가 부재하여 실무자 간 비공식 협의 비용과 회의 시간이 주당 7시간 이상 급증함.
011	SYSTEM_DIAGNOSTIC_REPORT	인프라 비용 최적화	클라우드 인스턴스 사양을 일괄적으로 하향 조정한 결과 인프라 비용은 전월 대비 22% 절감되었으나, 피크 타임 데이터베이스 쿼리 타임아웃 발생률이 0.01%에서 1.4%로 치솟으며 결제 완료 트랜잭션의 연쇄 유실을 유발함.
012	SCIENTIFIC_CAUSAL_EXPOSITION	인지심리학	본 연구는 스마트폰의 물리적 근접성이 인지 통제력에 미치는 매개 효과를 검증하였다. 기기가 전원 꺼진 상태로 시야 내에 위치하는 것만으로도 작업 기억 용량이 유의미하게 감소하였는데, 이는 의식적 조작 없이도 잠재적 주의 산만 요소를 억제하는 데 전두엽 억제 제어 자원이 지속 소모됨을 시사한다.
013	SCIENTIFIC_CAUSAL_EXPOSITION	거시경제학	기준금리 인상이 민간 소비에 미치는 파급 경로는 가계부채 구조에 따라 비대칭적으로 나타난다. 고정금리 대출 비중이 높은 집단에서는 금리 인상이 실질 자산 가치 하락을 통한 완만한 소비 둔화로 이어지는 반면, 변동금리 차주 집단에서는 가처분소득의 즉각적 감소로 인해 한계소비성향이 급격한 임계 침하를 보였다.
014	SCIENTIFIC_CAUSAL_EXPOSITION	재료공학	나노 복합재의 인장 강도는 그래핀 첨가 비율에 비례하여 선형적으로 증가하지 않으며, 질량 분율 1.5 wt%를 초과하는 순간 입자 간 응집 현상으로 인해 기저 수지 내부의 응력 집중점이 형성되어 파괴 인성이 오히려 35% 급감하는 상전이 거동을 나타냈다.
015	SCIENTIFIC_CAUSAL_EXPOSITION	도시공학	도로 용량 증설이 교통 혼잡을 해소하지 못하고 오히려 유도 수요를 창출하여 장기적으로 동일한 정체 수준으로 회귀하는 브레스의 역설을 대도시 간선도로망 시뮬레이션을 통해 실증하였다.
016	SCIENTIFIC_CAUSAL_EXPOSITION	임상의학	항균 펩타이드 제제의 치료 효능은 박테리아 외막의 음전하 밀도라는 생체 조건에 의해 엄격히 통제되며, 이온 강도가 특정 농도 이상으로 상승할 경우 결합 친화도가 급격히 약화되어 세포막 용해 작용이 완전히 차단된다.
017	INTERVENTION_PROPOSAL	스마트팩토리 제안	현 제조 라인의 불량률 급증은 작업자의 숙련도 부족 때문이 아니라, 사출 성형기의 냉각 수온이 공장 외기 온도에 연동되어 3~5°C 편차를 일으키는 환경적 불안정성에 기인합니다. 폐루프 항온 제어 시스템을 도입하여 온도 편차를 ±0.2°C 이내로 고정함으로써 사출 수축 불량을 90% 차단할 수 있습니다.
018	INTERVENTION_PROPOSAL	사내 복지 시스템 개편안	획일적인 카페테리아 포인트 증액은 직원 만족도 개선에 기여하지 못하며 한계 효용이 낮습니다. 출퇴근 유연성 결여로 인한 육아기 직원들의 피로가 이직의 지배적 원인이므로, 시차출퇴근제와 원격근무 인프라 도입으로 통근 피로를 줄여 핵심 인재 이탈률을 4%대로 낮출 것을 제안합니다.
019	INTERVENTION_PROPOSAL	보안 아키텍처 수립	사용자 인증을 아무리 복잡하게 만들어도 내부망 침투 후 횡적 이동을 막지 못하면 대규모 침해 사고는 필연적입니다. 네트워크 경계 방어 위주 전략에서 벗어나 모든 노드 간 통신을 불신하고 세부 권한을 검증하는 제로 트러스트 격리 모델로의 패러다임 전환이 필수적입니다.
020	INTERVENTION_PROPOSAL	폐기물 자원화 사업	유기성 폐기물의 단순 매립은 처리 비용 상승과 탄소 배출 규제 리스크를 가중시킵니다. 혐기성 소화 공정을 거쳐 바이오가스를 생산하고 잔여물을 고형 연료화하는 순환 공정을 구축할 경우, 폐기물 처리 비용을 100% 상쇄하고 잉여 에너지 판매를 통해 연간 12억 원의 신규 현금 흐름을 창출합니다.
021	MACRO_CASCADE_ANALYSIS	부동산 정책 분석	투기 과열을 막기 위해 도입된 대출 규제선이 시장에 적용되자, 기준선 바로 아래 가격대에 위치한 중저가 아파트로 매수 수요가 기형적으로 쏠리는 풍선효과가 발생했다. 결과적으로 실수요자들이 주로 진입하던 6억 이하 매물 가격이 단기간에 30% 급등하며 서민들의 내 집 마련 사다리가 먼저 끊어지는 모순이 발생했다.
022	MACRO_CASCADE_ANALYSIS	지역 의료 위기 르포	지방 소아과 의원들의 연쇄 폐업은 소아 인구 감소라는 인구학적 요인만으로 설명되지 않는다. 낮은 수가 체계 속에서 비급여 진료 항목이 전무한 진료 과목의 구조적 한계와, 의료 소송 위험 증가에 따른 전문의들의 성인 대상 진료과로의 진료 전환이 맞물린 복합적 시스템 붕괴다.
023	MACRO_CASCADE_ANALYSIS	공공요금 동결의 여파	서민 물가 안정을 명분으로 단행된 2년간의 지하철 요금 동결은 단기적 가계 부담을 덜어주었으나, 누적 적자가 공기업 발행 채권의 폭증으로 이어져 채권 시장의 유동성을 흡수했고, 이는 중소기업들의 회사채 조달 금리를 끌어올려 경제 전반의 자금 경색을 촉진하는 거시적 부메랑으로 돌아왔다.
024	MACRO_CASCADE_ANALYSIS	플랫폼 규제 사후 추적	배달 앱 수수료 상한 규제가 발효되자 배달 플랫폼들은 단기 수익성 보전을 위해 라이더 배차 알고리즘을 변경하고 프로모션을 삭감했다. 이에 따라 라이더들의 실수령 소득이 줄어들며 외곽 지역 배달 호출 거부가 급증했고, 외곽 상권 자영업자들의 매출이 급감하는 연쇄 타격을 입었다.
025	TECHNICAL_EXPERIENCE_REVIEW	노트북 쿨러 리뷰	받침대 팬 돌아가는 소리만 요란하지 내부 칩셋 온도는 1도도 안 떨어집니다. 이 노트북은 하판 흡기구가 뚫려 있는 게 아니라 힌지 틈으로 공기를 빨아들이는 구조라서 바닥에 바람 백날 불어넣어 봐야 섀시 플라스틱만 식히고 끝납니다. 구조 자체를 안 보고 사면 돈만 날립니다.
026	TECHNICAL_EXPERIENCE_REVIEW	이직 고민 글 댓글	연봉 2000 더 올려준다고 야근이 일상인 곳으로 절대 가지 마세요. 통근 1시간 늘어나고 매일 밤 10시에 퇴근하면서 스트레스성 폭식, 주말 배달 음식, 면역력 저하로 병원비 나가는 돈이 연봉 상승분 세금 떼고 남은 돈보다 큽니다.
027	TECHNICAL_EXPERIENCE_REVIEW	주철 팬 사용 후기	시즈닝 백날 기름 발라 구워봐야 아무 소용 없습니다. 고기 굽기 전에 팬을 약불에서 5분 동안 천천히 달궈서 열이 표면 전체에 균일하게 퍼지게 만드는 게 핵심입니다. 예열이 안 된 상태로 차가운 고기를 올리면 순간적으로 팬 표면 온도가 급락하면서 단백질이 금속 표면에 흡착돼 눌어붙는 겁니다.
028	TECHNICAL_EXPERIENCE_REVIEW	커뮤니티 조언 댓글	친구랑 동업할 때 지분 50대 50으로 나누는 게 가장 민주적이고 평화로워 보이죠? 그게 망하는 지름길입니다. 사업하다 방향성 갈릴 때 결정을 내릴 최종 권한자가 없어서 6개월 동안 아무 결정도 못 내리고 기회비용만 날리다가 관계도 사업도 한 번에 공중분해 됩니다.
029	TECHNICAL_EXPERIENCE_REVIEW	스마트워치 후기	수면 점수 매일 체크하면서 점수 낮게 나온 날마다 '아 오늘 컨디션 망했다'며 하루 종일 피곤해했는데, 워치 벗고 잔 지 일주일 만에 만성 피로가 사라졌습니다. 시계의 불완전한 센서가 만든 숫자에 뇌가 암시를 받아서 노시보 효과로 진짜 피곤해졌던 거였습니다.
030	URGENT_OPERATIONAL_NOTICE	서버 장애 알림	[긴급] PG사 결제 모듈 세션 타임아웃 오류 급증. 트래픽 폭증이 원인이 아니라, 오전 11시 배포된 할인 쿠폰 중복 발급 검증 루프에서 교착 상태가 발생한 것으로 확인됨. 즉시 롤백 스크립트 실행 바랍니다.
031	URGENT_OPERATIONAL_NOTICE	업무 슬랙 DM	팀장님, 지금 해외 거래처 원자재 선적 일정이 항만 파업으로 일주일 연기되었습니다. 기존 재고 소진 시점이 목요일이라 금요일부터 조립 2라인 가동 중단 위험이 있습니다. 단가가 15% 높더라도 국내 대체 벤더에서 긴급 발주를 진행할지 승인 부탁드립니다.
032	URGENT_OPERATIONAL_NOTICE	아파트 관리사무소 안내	[단지 공지] 금일 기온이 영하 15도 이하로 급강하함에 따라 세탁기 결빙 사고가 우려됩니다. 고층 세대에서 온수를 다량 배출할 경우 하층부 배수관 결빙 부위에서 역류 사고가 발생하오니, 주말 동안 세탁기 사용을 전면 금지해 주시기 바랍니다.
033	URGENT_OPERATIONAL_NOTICE	공사 현장 보고	소장님, 지하 터파기 구간에서 예상치 못한 지하수맥이 터져 토사가 유실되고 있습니다. 흙막이 벽체 변위 센서 계측값이 안전 기준치를 초과하여 붕괴 위험이 있으니, 즉시 인부들 퇴거시키고 차수 그라우팅 타설 장비 호출해야 합니다.
034	URGENT_OPERATIONAL_NOTICE	개인 간 카카오톡	너 지금 감기약 먹고 운전하면 절대 안 돼. 그 처방전에 들어있는 1세대 항히스타민제는 뇌혈관장벽 통과해서 음주운전 면허취소 수치 수준으로 반사 신경 둔화시키니까, 차 두고 그냥 지하철 타고 와.
035	SYSTEMS_APHORISM	개인 생산성	의지력은 고갈되는 자원입니다. 아침에 눈떠서 '오늘 뭐부터 하지?'라고 고민하는 순간 이미 전두엽의 결정 에너지를 낭비한 겁니다. 생산성이 높은 사람은 강철 같은 의지를 가진 게 아니라, 전날 밤에 출근 직후 할 일 1번을 책상 위에 펼쳐두고 퇴근함으로써 마찰력을 0으로 만드는 시스템을 가졌습니다.
036	SYSTEMS_APHORISM	스타트업 운영	스타트업이 망하는 주원인은 제품 결함보다 섣부른 스케일업입니다. 제품-시장 적합성이 검증되지 않은 상태에서 마케팅 비용을 태우고 채용을 늘리면, 구멍 난 양동이에 물을 붓는 격이라 고정비가 급증하며 런웨이만 단축됩니다. 성장은 검증의 보상이어야지, 검증의 수단이 될 수 없습니다.
037	SYSTEMS_APHORISM	학습과 기억	요약본을 세 번 정독한 학생보다, 책을 덮고 엉성하게나마 마인드맵을 손으로 그려본 학생이 시험을 압도적으로 잘 봅니다. 뇌는 정보가 쉽게 들어올 때는 '중요하지 않은 데이터'로 취급해 지워버리지만, 기억을 쥐어짜 내는 인출의 고통을 겪을 때만 뉴런 간 시냅스를 영구 강화합니다.
038	SYSTEMS_APHORISM	습관의 역학	스마트폰 스크롤을 멈추지 못하는 건 자제력이 부족해서가 아닙니다. 침대라는 공간이 '수면의 맥락'이 아니라 '무제한 도파민 수신 맥락'으로 뇌에 재라벨링되었기 때문입니다. 침실에서 충전기를 치우고 스마트폰을 거실 바닥에 두는 물리적 공간 분리만이 도파민 중독 회로를 끊어냅니다.
039	SYSTEMS_APHORISM	투자 철학	시장의 모든 사람이 특정 자산의 확정적 성공을 믿고 열광할 때가 가장 위험한 시점입니다. 낙관론이 극대화되었다는 것은 잠재적 매수자가 이미 시장에 전부 진입해 현금을 소진했다는 뜻이며, 이는 추가 매수세 부재로 인해 아주 작은 충격에도 가격이 폭락할 수 있는 취약한 상태임을 의미합니다.
040	SYSTEMS_APHORISM	조직 문화	실패를 처벌하는 조직에서는 실패가 사라지는 것이 아니라, 실패에 대한 보고가 은폐됩니다. 작은 오류가 즉시 공유되지 않고 지하로 숨어들면서 시스템 내부에 잠복 손상을 누적시키고, 결국 어느 날 손쓸 수 없는 재앙적 붕괴로 표면화됩니다.
